filename	citation	url
kosny-2001-ornl-thermal-mass-residential.pdf	Kosny et al. (c.2001) Thermal Mass - Energy Savings Potential in Residential Buildings, ORNL	https://www.buildingstudies.org/pdf/energy_studies/ORNL_Thermal-Mass_Energy_Savings_Potential_in_Residential_Buildings.pdf
reilly-kinnane-2017-impact-of-thermal-mass.pdf	Reilly & Kinnane (2017) The impact of thermal mass on building energy consumption, Applied Energy 198 (accepted manuscript)	https://pureadmin.qub.ac.uk/ws/files/131698229/impact_of_thermal_mass.pdf
verbeke-audenaert-2018-thermal-inertia-review.pdf	Verbeke & Audenaert (2018) Thermal inertia in buildings: a review, RSER 82 (repository copy)	https://repository.uantwerpen.be/docman/irua/72fb5d/147988_2019_09_02.pdf
hoes-2012-adaptable-thermal-mass.pdf	Hoes (2012) Adaptable thermal mass in low-energy dwellings, TU/e presentation	https://www.bouwenmetstaal.nl/uploads/evenementen/05_2012_hoes.pdf
mantesi-2015-thermal-mass-in-bps-tools.pdf	Mantesi, Cook, Glass & Hopfe (2015) Review of the assessment of thermal mass in whole building simulation tools, BS2015	https://publications.ibpsa.org/proceedings/bs/2015/papers/bs2015_2193.pdf
rodrigues-2016-thermal-mass-timber-house.pdf	Rodrigues, Sougkakis & Gillott (2016) Adding thermal mass to mitigate overheating in a super-insulated timber house	https://nottingham-repository.worktribe.com/index.php/OutputFile/805241
gauthier-2017-heavyweight-buildings-comfort.pdf	Gauthier, Teli, James & Stamp (c.2017; year inferred from the PDF date). Are heavyweight buildings more comfortable?	https://discovery-pp.ucl.ac.uk/10104703/1/Are%20heavyweight%20buildings%20more%20comfortable.pdf
johra-2019-envelope-mass-heating-flexibility.pdf	Johra, Heiselberg & Le Dreau (2019) Influence of envelope, structural thermal mass and indoor content on heating energy flexibility, Energy and Buildings (accepted manuscript)	https://vbn.aau.dk/ws/files/290247579/Influence_of_envelope_structural_thermal_mass_and_indoor_content_on_the_building_heating_energy_flexibility_accepted_manuscript.pdf
johra-heiselberg-2017-internal-thermal-mass-review.pdf	Johra & Heiselberg (2017) Influence of internal thermal mass ... furniture, RSER 69 (accepted manuscript)	https://vbn.aau.dk/files/676778549/accepted_manuscript.pdf
mora-juarez-2014-thermal-mass-parametric.pdf	Mora Juarez (2014) Impact of thermal mass on energy and comfort, Chalmers MSc	https://odr.chalmers.se/server/api/core/bitstreams/a7b7509d-0bd8-4d0e-84d4-c47a4d19d398/content
han-2025-thermal-mass-optimization.pdf	Han et al. (2025) Enhancing building energy efficiency with thermal mass optimization, Advances in Applied Energy (open access)	https://www.sciencedirect.com/science/article/pii/S2666792425000186
jimenez-bescos-2017-night-ventilation-thermal-mass.pdf	Jimenez-Bescos (2017) Night ventilation on thermal mass to reduce overheating, Energy Procedia (open access)	https://westminsterresearch.westminster.ac.uk/item/w9585/an-evaluation-on-the-effect-of-night-ventilation-on-thermal-mass-to-reduce-overheating-in-future-climate-scenarios
hoes-2011-low-energy-house-adaptable-thermal-storage.pdf	Hoes, Trcka, Hensen & Hoekstra Bonnema (2011) Investigating the potential of a novel low-energy house concept with hybrid adaptable thermal storage, Energy Conversion and Management 52(6) 2442-2447 (accepted manuscript; supplied by Gwilym)	https://doi.org/10.1016/j.enconman.2010.12.050
dominkovic-2018-thermal-building-mass-district-heating.pdf	Dominkovic, Gianniou, Münster, Heller & Rode (2018) Utilizing thermal building mass for storage in district heating systems, Energy 153 949-966 (peer-reviewed version from DTU Orbit; supplied by Gwilym)	https://orbit.dtu.dk/en/publications/utilizing-thermal-building-mass-for-storage-in-district-heating-s/
rodrigues-e-2019-mediterranean-thermal-mass-transmittance.pdf	Rodrigues, Fernandes, Gaspar, Gomes & Costa (2019) Thermal transmittance effect on energy consumption of Mediterranean buildings with different thermal mass, Applied Energy 252 113437 (accepted manuscript; supplied by Gwilym)	https://estudogeral.sib.uc.pt/bitstream/10316/87204/1/MediterraneanInertia_manuscript.pdf
ma-2010-effective-heat-capacity-planar-thermal-mass.pdf	Ma (2010) Dynamic Heat Transfer: Effective Heat Capacity of Planar Thermal Mass Subject to Periodic Heating and Cooling, Stony Brook University MSc thesis (stand-in for Ma & Wang 2012; supplied by Gwilym)	https://commons.library.stonybrook.edu/stony-brook-theses-and-dissertations-collection/1802
